{
  "employees": [
    {
      "username": "Axle",
      "password": "1234",
      "id": "a4fb"
    },
    {
      "id": "ca19",
      "username": "Bob",
      "password": "1234"
    },
    {
      "id": "a97e",
      "username": "Jane",
      "password": "1234"
    },
    {
      "id": "eb73",
      "username": "Olex",
      "password": "1234"
    }
  ],
  "weights": [
    {
      "id": "a4fb",
      "weight": "70",
      "date": "18/11/2024"
    },
    {
      "id": "a4fb",
      "weight": "71",
      "date": "20/11/2024"
    },
    {
      "id": "a4fb",
      "weight": "69",
      "date": "25/11/2024"
    },
    {
      "id": "a4fb",
      "weight": "70.5",
      "date": "30/11/2024"
    },
    {
      "id": "a4fb",
      "weight": "70",
      "date": "05/12/2024"
    },
    {
      "id": "a4fb",
      "weight": "69.5",
      "date": "10/12/2024"
    },
    {
      "id": "ca19",
      "weight": "80",
      "date": "19/11/2024"
    },
    {
      "id": "ca19",
      "weight": "79.5",
      "date": "23/11/2024"
    },
    {
      "id": "ca19",
      "weight": "80.2",
      "date": "28/11/2024"
    },
    {
      "id": "ca19",
      "weight": "79.8",
      "date": "03/12/2024"
    },
    {
      "id": "ca19",
      "weight": "79.2",
      "date": "08/12/2024"
    },
    {
      "id": "a97e",
      "weight": "90",
      "date": "21/11/2024"
    },
    {
      "id": "a97e",
      "weight": "89.5",
      "date": "26/11/2024"
    },
    {
      "id": "a97e",
      "weight": "90.1",
      "date": "01/12/2024"
    },
    {
      "id": "a97e",
      "weight": "89.8",
      "date": "06/12/2024"
    },
    {
      "id": "a97e",
      "weight": "89.3",
      "date": "11/12/2024"
    },
    {
      "id": "ca19",
      "weight": "99",
      "date": "24/09/2025"
    },
    {
      "id": "ca19",
      "weight": "77.77",
      "date": "24/09/2025"
    },
    {
      "id": "ca19",
      "weight": "55.55",
      "date": "24/09/2025"
    },
    {
      "id": "ca19",
      "weight": "66",
      "date": "17/10/2025"
    }
  ]
}